Nombre,Institucion.Evento,Lugar,Fecha,anio,Tipo,Cantidad,Rol,Links
5 LatinR <- Conferencia Latinoamericana de R en Investigación y Desarrollo,Profesionales,R-Ladies- RConsortium- RFoundation,On-Line,2022,Conference,900,Chair,
Introducción al análisis de datos con lenguaje R.,Bolsa de Cereales de Bahía Blanca,On-Line,Mayo-Junio 2022,2022,Course,21,Teacher,
Introducción a la programación con R,Bolsa de Cereales de Buenos Aires,On-line (Argentina),5-12-19-26/04 y 03-10/05/2022,2022,Course,18,Teacher,
Datos Masivos en el sector Agropecuario,Diploma en nuevas tecnologías en el agro,Universidad de la Empresa (Uruguay),11 y 11 de Junio de 2022,2022,Course,12,Teacher,
Instructor trainer (how to teach computing skill to scientists).,The Carpentries,On-Line (Latinoamerica),10-12-17-19 y 26/05/2022,2022,Course,18,Teacher,
rOpenSci. Ciencia abierta reproducible,Seminarios INTA-PAE,On-Line,02/12/2022,2022,Invited Talk,23,Speaker,
Creating fulfilling volunteer opportunities in open source software communities,CSCCE Community Call,On-Line,16/11/2022,2022,Panel,40,Speaker,
rOpenSci. Bringing the best parts of academic peer-review to research software,Notebook Now! ,Hybrid Workshop (Global),04/11/2022,2022,Invited Talk,50,Speaker,
I’ve got a little black Notebook with my code in | Tengo una pequeña notebook negra con mi código en ella,Notebook Now! ,Hybrid Workshop (Global),03/11/2022,2022,Keynote,50,Speaker,
Champions Program,rOpenSci Co-working Sessions,rOpenSci,1/11/2022,2022,Lightning talk,15,Organizer,
Mentoring & training program for Scientific Open Source Champions,rOpenSci Community Calls,rOpenSci,24/10/2022,2022,Panel,30,Speaker,
Data Science: aprendiendo a agegar valor a los datos,Diplomatura en AgroAnalytics.,UCES,20/10/2022,2022,Course,25,Teacher,
rOpenSci. Open Source Software Community,Abuja RUG Meetup,Online (Africa),18/10/2022,2022,Invited Talk,34,Speaker,
Agricultura inteligente,Diplomatura en AgroAnalytics.,Universidad Austral de Rosario,15/10/2022,2022,Course,40,Teacher,
10 reglas para organizar un Club de Lectura (on-line) exitoso,LatinR 2022,On-Line (Latin America),14/10/2022,2022,Lightning talk,900,Speaker,
Cómo ganarse la vida enseñando R,LatinR 2022,On-Line (Latin America),14/10/2022,2022,Regular Talk,900,Speaker,
Sistema de consulta de datos e información agrometeorológica y agroclimática para la provincia de La Pampa,LatinR 2022,On-Line (Latin America),13/10/2022,2022,Regular Talk,900,Speaker,
rOpenSci: infraestructura para una ciencia abierta en Agrometeorología,Reunión Argentina de Agrometerología 2022 ,On-Line (Latin America),30/09/2022,2022,Keynote,500,Speaker,
Panel de GitHub Stars de habla hispana,Octogatos 2022,Online (Global),15/09/2022,2022,Panel,1000,Speaker,
Intro al sensoramiento Remoto utilizando R aplicado al agro,Bolsa de Cereales de Buenos Aires. Universidad de Maryland,Bolsa de Cereales de Buenos Aires,12/09/2022,2022,Course,45,Teacher,
Teaching with R,rOpenSci Co-working Sessions,rOpenSci,septiembre 2022,2022,Lightning talk,15,Organizer,
From Excel to R,R-Ladies Gaborone,Online (Africa),13/08/2022,2022,Invited Talk,50,Speaker,
Collaborative translations,CarpentryCon 2022,Online (Global),09/08/2022,2022,Panel,32,Speaker,
Towards More Equitable Open Science Events: Assessing Tools Techniques and Frameworks for Inclusion/Exclusions,Event Fund Seminar Series for grantees and CS&S affiliates,Online (Global),09/08/2022,2022,Invited Talk,23,Speaker,
rOpenSci.Convertite en una campeona del desarrollo de paquetes de R,RenBaires Meetup,Online (Latin America),09/08/2022,2022,Invited Talk,25,Speaker,
Logrando el cambio que queremos de a una conferencia a la vez | Achieving the change we want one conference at a time,CarpentryCon 2022,Online (Global),01/08/2022,2022,Keynote,100,Speaker,
Como Carpentries me ayudó a diseñar una lección online para 300 estudiantes | How The Carpentries helped me design an online lesson for 300 students,CarpentryCon 2022,Online (Global),31/07/2022,2022,Lightning talk,67,Speaker,
Geotecnologías BigData Aprendizaje automático y emergencias agropecuarias,Seminario de Aplicación al Ambito público - Maestría en Ciencia de Datos - Univ. de San Andrés,Online (Argentina),06/07/2022,2022,Invited Talk,23,Speaker,
useR! 2022. The R Global Conference.,RFoundation/( Vanderbilt University),On-Line,julio 2022,2022,Conference,1500,Organizer,
Comunidades de práctica. Desarrollando capacidades en ciencia de datos en América Latina,Women in Data Science La Plata 2022,Online (Argentina),10/06/2022,2022,Keynote,100,Speaker,
Creando y usando tutoriales interactivos con {learnr},SER - International Seminar on Statistics with R,On-line(Brasil),25/05/2022,2022,Keynote,200,Speaker,
Creating interactive tutorials using {learnr} and {gradethis},The R User Group at the Harvard Data Science Initiative,Online (USA),19/05/2022,2022,Invited Talk,25,Speaker,
Desde hojas de cálculo a R,Software Sustenaibility Institute,On-Line (UK),17/05/2022,2022,Course,30,Teacher,
Lo que todo el mundo en Ciencia de Datos debe saber sobre enseñar y aprender,Women In Data Science 2022 – Buenos Aires /FIUBA,On-Line (Argentina),12/05/2022,2022,Invited Talk,80,Speaker,
Generando Tutoriales interactivos usando {learnr} y {gradethis},R-Ladies Buenos Aires y MetaDocencia,On-Line,11/05/2022,2022,Course,8,Teacher,
"Club de Lectura ""Enseñando Tecnología en Comunidad"". Las Reglas. Introducción. ¿Por qué enseño?",MetaDocencia,On-Line,03/05/2022,2022,Book Club,30,Organizer,
"Club de Lectura ""Enseñando Tecnología en Comunidad"". Construyendo una comunidad de práctica. Difusión y vinculación. Reuniones reuniones reuniones",MetaDocencia,On-Line,26/04/2022,2022,Book Club,30,Organizer,
Generando Tutoriales interactivos usando {learnr} y {gradethis},R-Ladies Santa Rosa-R-Ladies Resistencia-Corrientes y MetaDocencia,On-Line,23/04/2022,2022,Course,8,Teacher,
"Club de Lectura ""Enseñando Tecnología en Comunidad"". En el salón de clase. Enseñar en línea",MetaDocencia,On-Line,19/04/2022,2022,Book Club,30,Organizer,
"Club de Lectura ""Enseñando Tecnología en Comunidad"". Un proceso para diseñar lecciones. Motivación y desmotivación",MetaDocencia,On-Line,12/04/2022,2022,Book Club,30,Organizer,
"Club de Lectura ""Enseñando Tecnología en Comunidad"". Conocimiento de la pedagogía del contenido. Enseñar como un arte performativo",MetaDocencia,On-Line,05/04/2022,2022,Book Club,30,Organizer,
"Club de Lectura ""Enseñando Tecnología en Comunidad"". Arquitectura cognitiva. Aprendizaje Individual",MetaDocencia,On-Line,29/03/2022,2022,Book Club,30,Organizer,
Intro to {learnr} R package,R-Ladies,On-line (Johannesburgo),29/03/2022,2022,Course,27,Teacher,
"Club de Lectura ""Enseñando Tecnología en Comunidad"". Pericia y memoria. Ejemplos de mapas conceptuales",MetaDocencia,On-Line,22/03/2022,2022,Book Club,30,Organizer,
What Everyone In Data Science Should Know About Teaching And Learning,16th Brazilian Meeting of Bayesian Statistics and VI Latin American Conference on Statistical Computing,On-Line,16/03/2022,2022,Keynote,100,Speaker,
"Club de Lectura ""Enseñando Tecnología en Comunidad"". Modelos mentales y evaluación formativa. Tipos de Ejercicios",MetaDocencia,On-Line,15/03/2022,2022,Book Club,30,Organizer,
Datos y digitalización del sector agropecuario.,DataLatam,On-Line (Costa Rica),20/02/2022,2022,Podcast,,Speaker,
Building inclusive communities. The Latin American Experience. (Panel),AsiaR,On-Line (India),19/02/2022,2022,Panel,,Speaker,
Gaps & Opportunities for Inclusive Multilingual Data Science. (Panel),The Turing Way /The Turing Institute,On-Line (UK),11/02/2022,2022,Panel,,Speaker,
Internal R packages for Open Science in Agrometeorology,FOSDEM'22,Online (Europe),05/02/2022,2022,Regular Talk,,Speaker,
14vo Congreso Argentino de AgroInformática. ,Profesionales,INTA-SADIO. Buenos Aires,,2022,Conference,,Organizer,
Datos Masivos en Politicas Publicas,Diplomatura en Ciencia de Datos aplicadas a politicas públicas,UNAB,,2022,Course,25,Teacher,
Visualización ,Diplomatura en Ciencia de Datos aplicadas a politicas públicas,UNAB,,2022,Course,25,Teacher,
Visualización ,Diploma de datos. ,Fundación Libertad. Rosario,Octubre-Noviembre 2021,2021,Course,21,Teacher,
Ciencia de Datos para Turismo con R - Patagonia,Ministerio de Turismo,On-line (Argentina),Octubre,2021,Course,,Teacher,
Ciencia de Datos para Turismo con R - Centro,Ministerio de Turismo,On-line (Argentina),Noviembre,2021,Course,,Teacher,
Introducción a la programación con R,Diploma de datos. ,Fundación Libertad. Rosario,Marzo-Abril 2021,2021,Course,21,Teacher,
Ciencia de Datos para Turismo con R - Norte,Ministerio de Turismo,On-line (Argentina),Diciembre,2021,Course,,Teacher,
13vo Congreso Argentino de AgroInformática. ,SADIO,On-Line,. Octubre de 2021,2021,Conference,,Chair,
Ciencia de Datos aplicada al Agro.,Seminario virtual de Estadística- Big Data y Data Science.,On-Line (Colombia),13/12/2021,2021,Keynote,100,Speaker,
Panel Building RSE Communities Worldwide. RSE in Latin America and Argentina.,Research Software Engineers in HPC (RSE-HPC-2021),Online (USA),15/11/2021,2021,Panel,,Speaker,
Un conjunto de paquetes para generar tutoriales interactivos para enseñar R,LatinR 2021 <- Conferencia Latinoamericana sobre Uso de R en Investigación + Desarrollo,On-Line (Latinoamerica),12/11/2021,2021,Regular Talk,,Speaker,
MetaDocencia: Teaching How to Teach Technology together.,XI Congreso Argentino de Bioinformática y Biología Computacional 2021,Online (Argentina),11/11/2021,2021,Regular Talk,,Speaker,
Curso: From spreadsheets to R.,Software Susteanability Institute/ RS Camp: Beyond the Spreadsheet,On-line (UK),09/11/2021,2021,Course,,Teacher,
Panel discussion: Do we have the right tools for research?,Research Software Camp: Beyond the Spreadsheet- organised by the Software Sustainability Institute.,On-line (UK),5/11/2021,2021,Panel,,Speaker,
Enseñando a enseñar tecnología sin perder a nadie en el camino.,50 JAIIO - Jornadas Argentinas de Informática e Investigación Operativa,Online (Sudamérica),25/10/2021,2021,Keynote,120,Speaker,
Panel R-Ladies. Building- Growing- and Sustaining a Community.,Women in Statistics and Data Science conference,Online (USA),07/10/2021,2021,Panel,,Speaker,
Introducción al ABC para enseñar (y hacer otras cosas) on-line,SADIO,"On-line
 (Argentina)",octubre 2021,2021,Course,,Teacher,
Aplicaciones agropecuarias de la Ciencia de datos,Segundas Jornadas Regionales de Cienca de Datos,Online (Argentina),29/09/2021,2021,Invited Talk,37,Speaker,
Missing narratives in discussions around diversity and inclusion in research software engineering. Panel discusión.,SeptembRSE. Conference- on Research Software Engineering,On-Line (USA),28/09/2021,2021,Panel,,Speaker,
Datos Masivos en el sector Agropecuario,Diploma en nuevas tecnologías en el agro,Universidad de la Empresa (Uruguay),junio 2021,2021,Course,15,Teacher,
Tracking Impact and Measuring Success in Data Education Events.,csv-conf-v6.,On-line,2021,2021,Panel,,Organizer,
Presentando useR! 2021.,Reunión internacional en conjunto con R-Ladies.,On-line,2021,2021,Panel,,Organizer,
Clustering para determinar Sistemas Productivos Preponderantes,INTA,On-line,2021,2021,Invited Talk,32,Speaker,
Los Datos en el Agro. Master Class.,FieldView,On-line,2021,2021,Invited Talk,200,Speaker,
Agricultura inteligente.,NASA Harverst. Bolsa de Cereales de Buenos Aires.,On-line,2021,2021,Invited Talk,400,Speaker,
Geotecnologías aplicadas al sector agropecuario.,Diplomatura en Data Analytics para el Agro. Universidad Austral.,On-line,2021,2021,Invited Talk,56,Speaker,
Presentación REC 028- Red de Modelado de Agroecosistemas.,INTA,On-line,2021,2021,Invited Talk,23,Speaker,
Ciencia de Datos aplicada al sector agropecuario. Seminario de aplicación al ámbito público.,Maestría en Ciencia de Datos. UdeSA.,On-line,2021,2021,Invited Talk,17,Speaker,
Webinar: “La Ciencia de Datos al servicio del sector agropecuario“.,Universidad Autral.,On-line,2021,2021,Invited Talk,62,Speaker,
Usos de la ciencia de datos en el sector agropecuario,Women in Data Science La Paz 2021,Online (Bolivia),2021,2021,Invited Talk,54,Speaker,
Geotecnologías al servicio del agro.,Academia de Riego. Kilimo.,On-line,2021,2021,Invited Talk,200,Speaker,
Aplicaciones de Ciencia de Datos en el sector agropecuario.,Ecuador. X Seminario Internacional de Estadística Aplicada.,On-line,2021,2021,Keynote,200,Speaker,
Tecnologías de TI para el Agro.,UPRA. Colombia.,On-line,2021,2021,Panel,,Speaker,
Facilitating discussions around Diversity- Equity and Inclusion.,Center for Scientific Collaboration and Community Engagement- USA.,On-line,2021,2021,Panel,,Speaker,
Sororidad- comunidades y el empoderamiento de las Mujeres en la Ciencia,Encuentro Internacional de Mujeres y Niñas en las Ciencias. Logros y desafios de la contemporaniedad. Soy Mujer y hago Ciencia.,On-Line (Ecuador),2021,2021,Panel,,Speaker,
Los datos en el Agro,AgroEvolución,On-line,2021,2021,Podcast,,Speaker,
Ciencia de datos en el sector agropecuario y desde el sector público.,Cadena de Datos.,On-line,2021,2021,Podcast,,Speaker,
On programming- teaching- and building tutorials with learnr.,RStudioConf.,On-line (USA),2021,2021,Regular Talk,,Speaker,
Introducción al ABC para enseñar (y hacer otras cosas) on-line,INTA/MetaDocencia,On-line,2021,2021,Course,,Teacher,
Instructor trainer (how to teach computing skill to scientists).,The Carpentries.,On-line,2021,2021,Course,,Teacher,
Como enseñar a programar.,Women in Bioinformatics and Data Science.,On-line,2021,2021,Course,,Teacher,
Introducción al ABC para enseñar (y hacer otras cosas) on-line.,MetaDocencia/INTA,On-line,2021,2021,Course,,Teacher,
Intro al ABC para enseñar online.,INTA/MetaDocencia,On-line,2021,2021,Course,,Teacher,
Generando tutoriales interactivos con el paquete learnr.,RenBaires. MetaDocencia.,On-line,2021,2021,Course,,Teacher,
Como enseñar a programar on-line.,INTA/MetaDocencia,On-line,2021,2021,Course,,Teacher,
Intro al ABC para enseñar on-line,MetaDocencia,On-line,2021,2021,Course,,Teacher,
Como enseñar a programar.,MetaDocencia,On-line,2021,2021,Course,,Teacher,
Intro al ABC para enseñar online,MetaDocencia,On-line,2021,2021,Course,,Teacher,
Intro al ABC para enseñar (y hacer otras cosas) online.,INTA/MetaDocencia,On-line,2021,2021,Course,,Teacher,
Introducción al ABC para enseñar (y hacer otras cosas) on-line.,MetaDocencia,On-line,2021,2021,Course,,Teacher,
What they forgot to teach you about teaching R..,RStudioConf 2021,On-line (USA),2021,2021,Course,,Teacher Assistant,
useR! 2021. The R Global Conference.,ETH. RFoundation,On-Line,,2021,Conference,,Chair,
50 Jornadas Argentinas de Informática. ,SADIO – INTA,On-Line,,2021,Conference,,Chair,
4 LatinR <- Conferencia Latinoamericana de R en Investigación y Desarrollo,R-Ladies- RConsortium- RFoundation,On-Line,,2021,Conference,,Chair,
Datos Masivos en Politicas Publicas,Diplomatura en Ciencia de Datos aplicadas a politicas públicas,UNAB,,2021,Course,25,Teacher,
Visualización ,Diplomatura en Ciencia de Datos aplicadas a politicas públicas,UNAB,,2021,Course,25,Teacher,
49 Jornadas Argentinas de Informática.,Profesionales,SADIO – FIUBA,On-Line,2020,Conference,,Chair,
3 LatinR <- Conferencia Latinoamericana de R en Investigación y Desarrollo,Profesionales,R-Ladies- RConsortium- RFoundation,On-Line,2020,Conference,,Chair,
Radar Meteorológico: uso e interpretación de su información.,XVIII Reunión Argentina y IX Latinoamericana de Agrometeorología 2020,On-line,23 de Noviembrede 2020,2020,Course,13,Teacher,
Seminario online: Uso y análisis de imágenes satelitales en el Agro,Día Internacional de la Juventud. Capacitación a jóvenes rurales. INTA,On-line,11/11/2020,2020,Course,,Teacher,
Curso: Generando tutoriales interactivos con el paquete learnr.,Conferencia LatinR,On-line,3/10/2020,2020,Course,,Teacher,
Curso: Introducción al ABC para enseñar on-line.,Conferencia LatinR,On-line,02/10/2020,2020,Course,,Teacher,
12vo Congreso Argentino de AgroInformática. 47 JAIIO,Profesionales,SADIO-INTA (On-Line),octubre de 2020,2020,Conference,,Chair,
Text Mining o minería de textos.,Ciclo de capacitación del PE Prospectiva y Observatorios Tecnológico. INTA,On-line,25/09/2020,2020,Invited Talk,37,Speaker,
Cosechando Datos: el manejo de la información digital.,Webinario Agricultura de Precisión: “El INTA y la Agricultura Digital”.,On-line,22/09/2020,2020,Invited Talk,1000,Speaker,
Practicas efectivas para realizar eventos on-line.,Comunidades de transferencia y extensión tecnológica en España.,On-line (España),07/09/2020,2020,Panel,,Speaker,
Capacitación interna Intro al ABC para dar clases (y hacer otras cosas) on-line.,INTA Anguil,On-line,30/07/2020,2020,Course,,Teacher,
Capacitación interna Intro al ABC para dar clases (y hacer otras cosas) on-line.,INTA San Luis,On-line,28/07/2020,2020,Course,,Teacher,
Intro al ABC para dar clases (y hacer otras cosas on-line).,Red INTA Joven,On-line,24/07/2020,2020,Course,,Teacher,
Capacitación interna Intro al ABC para dar clases (y hacer otras cosas) on-line.,Centro Regional La Pampa/San Luis INTA,On-line,23/07/2020,2020,Course,,Teacher,
Capacitación interna Intro al ABC para dar clases (y hacer otras cosas) on-line.,Agencias de Extensión INTA Anguil,On-line,21/07/2020,2020,Course,,Teacher,
Intro al ABC para dar clases (y hacer otras cosas on-line).,Red INTA Joven y MetaDocencia,On-line,20/07/2020,2020,Course,,Teacher,
Intro al ABC para dar clases (y hacer otras cosas on-line).,Red INTA Joven y MetaDocencia,On-line,18/07/2020,2020,Course,,Teacher,
Panel: Supporting Diversity in the R Community,useR! 2020,On-Line,17/07/2020,2020,Panel,,Speaker,
Capacitación interna Intro al ABC para dar clases (y hacer otras cosas) on-line.,Agencias de Extensión INTA Villa Mercedes,On-line,16/07/2020,2020,Course,,Teacher,
Capacitación interna Intro al ABC para dar clases (y hacer otras cosas) on-line.,Area de Administración y Apoyo Técnico de Anguil INTA,On-line,14/07/2020,2020,Course,,Teacher,
Comunidades de práctica en América Latina: R y Colegas.,useR! 2020,On-Line,11/07/2020,2020,Invited Talk,,Speaker,
Capacitación interna Intro al ABC para dar clases (y hacer otras cosas) on-line.,Area de Administración y Apoyo Técnico de Villa Mercedes INTA,On-line,07/07/2020,2020,Course,,Teacher,
Segunda edición del curso de radar meteorológico.,Para personal de INTA y profesionales del sector agropecuario de la zona del CERBAN,On-line,03/07/2020,2020,Course,,Teacher,
Como organizar un evento virtual inolvidable (y no morir en el intento).,"R-Ladies Global
 para el mundo hispanohablante (Se organiza con Argentina- Chile- Perú- Bolivia- España y Ecuador).",On-Line,01/07/2020,2020,Course,,Teacher,
Los datos lo cambian todo: Big Data- sensores remotos e inteligencia artificial.,Congreso Maizar 4.0,On-Line,30/06/2020,2020,Panel,,Speaker,
Mujeres en STEAM. ¿Quién es Yanina Bellini Saibene?,Las de Sistemas,Online (Argentina),26/06/2020,2020,Podcast,,Speaker,
RStudio Certification Panel.,MiR Community- Saint Luis- USA.,On-Line,12/06/2020,2020,Panel,,Speaker,
Ciencia de Datos aplicadas al sector agropecuario.,Ciclo de Charlas de R-Ladies La Paz. Bolivia-,On-Line,04/06/2020,2020,Invited Talk,,Speaker,
Datos Masivos en el sector Agropecuario,Diploma en nuevas tecnologías en el agro,Universidad de la Empresa (Uruguay),junio 2020,2020,Course,18,Teacher,
Curso Introducción al ABC para enseñar on-line.,MetaDocencia,On-line,29/05/2020,2020,Course,,Teacher,
Curso RADAR Meteorológico.,INTA,,22/05/2020,2020,Course,,Teacher,
Introducción a Git (control de versiones) y como usarlo con R y RStudio.,R-Ladies,On-line,18/05/2020,2020,Course,,Teacher,
Curso Introducción al ABC para enseñar on-line.,MetaDocencia,On-line,16/05/2020,2020,Course,,Teacher,
Curso Introducción al ABC para enseñar on-line.,MetaDocencia,On-line,09/05/2020,2020,Course,,Teacher,
R-Ladies Global- a worldwide organisation to promote gender diversity in the R community,EGU General Assembly 2020 was held on-line.,Online (Global),08/05/2020,2020,Regular Talk,,Speaker,
Curso Introducción al ABC para enseñar on-line.,MetaDocencia,On-line,02/05/2020,2020,Course,,Teacher,
Geotecnologías para el monitoreo y cuantificación de inundaciones.,Hidrología Pampeana Aplicada,On-Line,28/04/2020,2020,Invited Talk,,Speaker,
Curso Introducción al ABC para enseñar on-line.,MetaDocencia,On-line,25/04/2020,2020,Course,,Teacher,
Ciencia de Datos aplicada al agro.,Clase invitada a la cátedra de AgroTICs de Ingeniería Agronómica. UN de Río Negro.,On-Line,22/04/2020,2020,Invited Talk,,Speaker,
Curso Introducción al ABC para enseñar on-line.,MetaDocencia/INTA,On-line,18/04/2020,2020,Course,,Teacher,
Curso Introducción al ABC para enseñar on-line.,MetaDocencia,On-line,14/04/2020,2020,Course,,Teacher,
Curso Introducción al ABC para enseñar on-line.,MetaDocencia,On-line,11/04/2020,2020,Course,,Teacher,
Curso Introducción al ABC para enseñar on-line.,MetaDocencia,On-line,04/04/2020,2020,Course,,Teacher,
Curso Introducción al ABC para enseñar on-line.,MetaDocencia,On-line,03/04/2020,2020,Course,,Teacher,
Curso Introducción al ABC para enseñar on-line.,MetaDocencia,On-line,28/03/2020,2020,Course,,Teacher,
useR! 2020. The R Global Conference.,RFoundation,On-Line,2020,2020,Conference,,Organizer,
Predictive modeling with text using tidy data principles.,Tutorial useR! 2020-R-Ladies,On-Line,2020,2020,Course,,Organizer,
¡Cierre del año y Tidymodels!,R-Ladies Argentina,On-Line,2020,2020,Course,,Organizer,
Presentación de la Plataforma de Asistencia Estadística de INTA.,INTA,On-line,2020,2020,Panel,,Organizer,
Comunicando con posters,Proyecto Internacional de la Alfabetización Estadística,On-line (Bolivia),2020,2020,Invited Talk,,Speaker,
Ciencia de Datos aplicada al sector agropecuario.,Diplomatura Universitaria en Inteligencia Artificial. UNICEN.,On-line,2020,2020,Invited Talk,,Speaker,
Comunidades de práctica para I+D y T+E: R y colegas. Seminario,Plataforma de Asistencia Estadística del INTA.,On-line,2020,2020,Invited Talk,,Speaker,
Ciencias de Datos en el sector agropecuario.,Seminario de matemática aplicada. FAMAF (UNC).,On-line,2020,2020,Invited Talk,,Speaker,
Hacia una red de práctica sobre comunidades de práctica.,Noviembre HD. Asociación Argentina de Humanidades Digitales.,On-line,2020,2020,Panel,,Speaker,
Webinar: Procesando datos espaciales con R.,Desafios AgTech.,On-line,2020,2020,Course,,Teacher,
Datos Masivos en Politicas Publicas,Diplomatura en Ciencia de Datos aplicadas a politicas públicas,UNAB,,2020,Course,25,Teacher,
Visualización ,Diplomatura en Ciencia de Datos aplicadas a politicas públicas,UNAB,,2020,Course,25,Teacher,
2 LatinR <- Conferencia Latinoamericana de R en Investigación y Desarrollo,Profesionales,R-Ladies- RConsortium- RFoundation,Santiago de Chile,2019,Conference,200,Organizer,
Curso sobre Exploración de Datos,Fundación Banco de La Pampa,Fundación Banco de La Pampa,Octubre-Noviembre,2019,Course,15,Teacher,
Curso sobre Exploración de Datos,Fundación Banco de La Pampa,Fundación Banco de La Pampa,Octubre-Noviembre,2019,Course,12,Teacher,
Becas de diversidad rstudio::conf 2020. Te ayudamos a presentar tu postulación!,R-Ladies Santa Rosa,"Prado Español, Santa Rosa","Friday, September 13, 2019",2019,Course,,Organizer,
Curso R desde Cero.,INTA. R-Ladies Santa Rosa.,"Prado Español, Santa Rosa",7 asl 28 de Mayo de 2019,2019,Course,,Teacher,
RMarkdown: generando reportes automáticos con R,11° PampaSeg. Santa Rosa- La Pampa.,Santa Rosa- La Pampa,14/12/2019,2019,Course,,Teacher,
Desarrollo AgTech con Ciencia de Datos,Taller Argentino de Computación Científica (TAC²).,Universidad Nacional de San Luis (UNSL).,5/12/2019,2019,Keynote,80,Speaker,
Charla: ciencia de datos aplicada al agro.,Jornada Trabajos de Sistemas. Colegio Universitario Liceo Informático II. EEA Anguil,EEA Anguil,15/11/2019,2019,Regular Talk,,Speaker,
Geotecnologías en la era del Big Data.,2019GISDay,UNLPam. Instituto de Geografía.,13/11/2019,2019,Keynote,200,Speaker,
Aplicaciones de Ciencia de Datos.,Seminario de aplicación. UADE.,On-Line.,04/11/2019,2019,Invited Talk,,Speaker,
Geotecnologías en la Nube,Universidad Nacional de La Pampa. Carrera de Geografía,Santa Rosa,30/10/2019,2019,Invited Talk,,Speaker,
10 años del radar de Anguil.,EEA Anguil. Alumnos del colegio secundario de Anguil.,Anguil,11/10/2019,2019,Regular Talk,,Speaker,
Panel comunidades de práctica: R-Ladies,LatinR 2019,Santiago de Chile-Chile,25/09/2019,2019,Panel,,Speaker,
Curso R desde Cero.,Universidad Nacional de Salta.,Salta,17/09/2019,2019,Course,,Teacher,
Curso Google Earth Engine desde Cero.,Universidad Nacional de Salta,Salta,17/09/2019,2019,Course,,Teacher,
11vo Congreso Argentino de AgroInformática. 46 JAIIO,Profesionales,SADIO-INTA. Salta,septiembre 2019,2019,Conference,,Chair,
Ciencia de Datos con el Radar Meteorológico,AMUCAN,,24/08/2019,2019,Podcast,,Speaker,
Radar Meteorológico: uso e interpretación de su información y productos,UNLPam-INTA,Facultad de Agromia de la UNLPam,14/08/2019,2019,Course,,Teacher,https://inta.gob.ar/eventos/radar-meteorologico-uso-e-interpretacion-de-su-informacion-y-productos
10 años de la Red de Radares,INTA Anguil. Radio Nacional. INTA con Vos/z,Santa Rosa,08/08/2019,2019,Podcast,,Speaker,https://inta.gob.ar/audios/entrevista-a-la-ing-agr-laura-belmonte-y-la-lic-yanina-bellini-saibene-10-anos-de-la-red-de-radares
R para análisis científicos reproducibles ,INTA Castelar,,06/08/2019,2019,Course,84,Teacher,
Técnicas de Análisis de Redes Sociales para estudiar la colaboración científica,Seminarios INTA Anguil,Anguil,04/06/2019,2019,Invited Talk,,Speaker,https://inta.gob.ar/noticias/seminario-inta-anguil-tecnicas-de-analisis-de-redes-sociales-para-estudiar-la-colaboracion-cientifica
Ciencia de datos aplicada al agro,INTA Anguil. Radio Nacional. INTA con Vos/z,Santa Rosa,11/04/2019,2019,Podcast,,Speaker,https://inta.gob.ar/audios/entrevista-a-la-lic-yanina-bellini-ciencia-de-datos-aplicada-al-agro
Modeling with H2O with R,LatinR 2019,Santiago de Chile,2019,2019,Course,30,Teacher Assistant,
1 LatinR <- Conferencia Latinoamericana de R en Investigación y Desarrollo,Profesionales,R-Ladies- RConsortium- RFoundation,Buenos Aires,2018,Conference,200,Organizer,
Primer Workshop Inundaciones y geotecnologías aplicadas: interinstitucionalidad y compromiso social,UNLPam-INTA,Santa Rosa,28 y 29 de Agosto de 2018,2018,Conference,,Organizer,https://inta.gob.ar/eventos/primer-workshop-inundaciones-y-geotecnologias-aplicadas-interinstitucionalidad-y-compromiso-social
La comunidad del lenguaje R en Santa Rosa,R-Ladies Santa Rosa y PampaSeg,"Prado Español, Santa Rosa",23/11/2018,2018,Invited Talk,,Speaker,
Congreso de Agroinformática 2018,INTA Anguil. Radio Nacional. INTA con Vos/z,Santa Rosa,13/09/2018,2018,Podcast,,Speaker,https://inta.gob.ar/audios/entrevista-a-la-lic-yanina-bellini-saibene-congreso-de-agroinformatica-2018
10vo Congreso Argentino de AgroInformática. 45 JAIIO,Profesionales,SADIO-INTA.Buenos Aires,septiembre de 2018,2018,Conference,,Chair,
Cambio climático,INTA Anguil. Radio Nacional. INTA con Vos/z,Santa Rosa,05/07/2018,2018,Podcast,,Speaker,https://inta.gob.ar/audios/entrevista-a-la-ing-rrnn-anabella-lozza-y-a-la-lic-yanina-bellini-cambio-climatico
Curso extracurricular “Manejo de datos con herramientas libres”.,Propuesta extracurricular UNLPam.,Santa Rosa- La Pampa,03/07/2018,2018,Course,,Teacher,
Charla sobre GeoINTA y Geotecnologías en la nube.,Visita Alumnos Colegio secundario Enrique Stieben de Anguil,EEA Anguil.,miércoles 6 de junio de 2018,2018,Regular Talk,,Speaker,
¿Cómo profundizar la convergencia entre Internet y producción”.,Seminario web “Internet y producción: hacia la convergencia en el agro”.,San Luis.,17 de mayo de 2018.,2018,Panel,,Speaker,https://inta.gob.ar/eventos/internet-y-produccion-hacia-la-convergencia-en-el-agro
Seminario Charlando sobre brecha de género en STEM: AgroInformática y R-Ladies.,EEA Anguil.,,19 de abril de 2018.,2018,Regular Talk,,Speaker,
Setup R Day,R-Ladies Santa Rosa,INTA Santa Rosa,26/02/2018,2018,Course,,Teacher,
Herramientas para el manejo de datos agropecuarios. Base de Datos Relacionales para sistemas agropecuarios,Liceo Informatico II. INTA,Santa Rosa y Anguil,16/06/2017 al 30/11/2017,2017,Course,15,Teacher,
Herramientas para el manejo de datos agropecuarios. Google Sheets,Liceo Informatico II. INTA,Santa Rosa,Septiembre,2017,Course,15,Teacher,
Curso “Introducción al Uso y Administración de espacios de colaboración de INTA”. Personal EEA Anguil y agencias de extensión.,EEA Anguil,Anguil- La Pampa,Octubre a Noviembre de 2017,2017,Course,23,Teacher,
INTA. Radar Meteorologico,Exposición Rural- Comercial e Industrial de la Asociación Agrícola Ganadera de La Pampa,Santa Rosa,Octubre,2017,Exhibition,200,Speaker,
9vo Congreso Argentino de AgroInformática. 44 JAIIO,SADIO-INTA.-UNC. Córdoba,Córdoba,7 y 8 de Septiembre de 2017,2017,Conference,200,Chair,
Curso de capacitación “Base de Datos Relacionales para sistemas agropecuarios”.,Anguil- La Pampa,,16/06/2017 al 30/11/2017,2017,Course,9,Teacher,
Agro geotecnologías: sobre estrellas y semillas,San Luis- Argentina,,05/12/2017,2017,Keynote,200,Speaker,
Charla “Registro de propiedad intelectual de software”.,Reunión PROFEDER Contratistas Rurales.,EEA Anguil.,1 de diciembre de 2017,2017,Regular Talk,7,Speaker,
Curso de capacitación interno sobre uso de web y espacios de colaboración.,General Pico- La Pampa,,27/11/2017,2017,Course,12,Teacher,
Charla Técnicas en AgroTICs,Instituto de Formación Técnica y Docente de Trenque Lauquen. Tecnicatura en Producción Agricola-Ganadera,Anguil,03 de noviembre de 2017,2017,Regular Talk,15,Speaker,
Charlas Técnicas GeoINTA y GeoTecnologías en la nube,Santa Rosa,,20 de octubre de 2017.,2017,Invited Talk,21,Speaker,
Curso extracurricular “Manejo de datos con herramientas libres”. Resolución rector UNLPam N° 322/16,Santa Rosa- La Pampa,,octubre 2017,2017,Course,23,Teacher,
Curso extracurricular “Manejo de datos con herramientas libres”.,Santa Rosa- La Pampa,,septiembre 2017,2017,Course,26,Teacher,
Herramientas para el manejo de datos agropecuarios. Sistemas de información de INTA,Santa Rosa,,25/08/2017,2017,Course,15,Teacher,
Herramientas para el manejo de datos agropecuarios. Google Earth,Santa Rosa,,18/08/2017,2017,Course,15,Teacher,
Herramientas para el manejo de datos agropecuarios. OpenRefine,Santa Rosa,,11/08/2017,2017,Course,15,Teacher,
Herramientas para el manejo de datos agropecuarios. Tableau.,Santa Rosa,,04/08/2017,2017,Course,15,Teacher,
Charla “Herramienta de limpieza de datos: OpenRefine”.,Santa Rosa.,,28 de julio de 2017.,2017,Invited Talk,6,Speaker,
"Agroinformática, el uso de la ciencia de los datos aplicada al sector agro para adquirir un mayor conocimiento",Santa Rosa,,29/06/2017,2017,Podcast,100,Speaker,https://inta.gob.ar/audios/entrevista-a-lic-en-sistemas-de-informacion-yanina-bellini-investigadora-de-estacion-experimental-de-inta-anguil-agroinformatica-el-uso-de-la-ciencia-de-los-datos-aplicada-al-sector-agro-para
Charla “AgroMinería de Datos”,Santa Rosa.,,22 de junio de 2017,2017,Invited Talk,26,Speaker,
Charla “R-Ladies Santa Rosa”.,Santa Rosa.,,22 de junio de 2017.,2017,Invited Talk,26,Speaker,
Caracterización de sistemas productivos pampeanos,Anguil-Santa Rosa-Toay,,02/06/2017,2017,Regular Talk,9,Speaker,https://inta.gob.ar/noticias/caracterizacion-de-sistemas-productivos-pampeanos
Charla “AgroTICs: llevando la informática al campo”.,Santa Rosa.,,15 de mayo de 2017.,2017,Invited Talk,17,Speaker,
R-Ladies Santa Rosa,Santa Rosa. Radio Noticias,,20/04/2017,2017,Podcast,1000,Speaker,
Curso extracurricular “manejo de datos con herramientas libre”,Santa Rosa- La Pampa,,marzo 2017,2017,Course,28,Teacher,
INTA. Radar Meteorologico,Exposición Rural- Comercial e Industrial de la Asociación Agrícola Ganadera de La Pampa,Santa Rosa,Octubre,2016,Exhibition,,Speaker,
Curso “Introducción al Uso y Administración de espacios de colaboración de INTA”. Personal EEA Anguil y agencias de extensión.,Anguil- La Pampa,,Junio a Agosto de 2016.,2016,Course,,Teacher,
Sistema de Información y base de datos para el inventario de recursos naturales de La Pampa,10º Simposio Argentino de Informática en el Estado.,Buenos Aires- Argentina.,7 al 9 de Septiembre de 2016.,2016,Regular Talk,,Speaker,
Propuesta para una Infraestructura de Datos Agropecuarios del Instituto Nacional de Tecnología Agropecuaria (INTA),AGRANDA Segundo simposio argentino de grandes datos. ,Buenos Aires- Argentina.,6 y 7 de Septiembre de 2016.,2016,Lightning talk,,Speaker,
8vo Congreso Argentino de AgroInformática. 43 JAIIO,SADIO-INTA. Buenos Aires,,5 y 6 de Septiembre de 2016,2016,Conference,,Chair,
El uso de geotecnologías para el manejo de información agropecuaria,Santa Rosa- La Pampa.,,17 y 18/11/2016,2016,Keynote,100,Speaker,
La industria espacial al servicio del agro,Santa Rosa,,10/11/2016,2016,Podcast,,Speaker,https://inta.gob.ar/audios/la-industria-espacial-al-servicio-del-agro
“La tarea del INTA en La Pampa”. Facultad de Ciencias Humanas.,Santa Rosa,,9 de noviembre de 2016.,2016,Invited Talk,,Speaker,
Radar Meteorológico,Santa Rosa,,17/05/2016,2016,Podcast,,Speaker,https://inta.gob.ar/audios/radar-meteorologico
GeoINTA: aprovechando los mapas del INTA en Internet.,Santa Rosa,,19/04/2016,2016,Podcast,,Speaker,https://inta.gob.ar/audios/yanina-bellini-geointa-aprovechando-los-mapas-del-inta-en-internet
Curso “Introducción a la gestión de contenidos del sitio web de INTA”.,Anguil- La Pampa,,abril 2016,2016,Course,,Teacher,
Curso “Turismo y Redes Sociales”. ,Grupos de Cambio Rural sobre Turismo Rural y autoridades provinciales de la Dirección de Turismo de La Pampa.,Santa Rosa- La Pampa,2016,2016,Course,,Teacher,
2da conferencia y coloquio Gestión y uso de grandes datos aplicados al sector agropecuario y al manejo de los recursos naturales,INTA y Universidad Nacional de La Pampa,,Santa Rosa- La Pampa - 3/10/2015,2015,Conference,43,Organizer,
INTA. AgroTICs,Exposición Rural- Comercial e Industrial de la Asociación Agrícola Ganadera de La Pampa,Santa Rosa,Octubre,2015,Exhibition,,Speaker,
,CONGREMET,Mar del Plata,26 al 29 de Mayo de 2015,2015,Lightning talk,50,Speaker,
9º Simposio Argentino de Informática en el Estado. Expositora.,Rosario- Santa Fe- Argentina.,,2-3 y 4 de Septiembre de 2015,2015,Regular Talk,,Speaker,
GeoINTA: la infraestructura de datos espaciales del INTA,Santa Rosa,,11 y 12 de Diciembre 2015,2015,Regular Talk,67,Speaker,
AGRANDA Primer simposio argentino de grandes datos. Expositora.,Rosario- Santa Fe- Argentina.,,1 y 2 de Septiembre de 2015.,2015,Regular Talk,,Speaker,
Curso “Espacios de colaboración: la nueva Intranet de INTA”,Personal INTA La Pampa,Anguil,16 de septiembre de 2015,2015,Course,,Teacher,
16º Argentine Symposium on Artificial Intelligence. Argentina Expositora.,Rosario- Santa Fe- Argentina.,,31 de agosto de 2015.,2015,Regular Talk,,Speaker,
El valor del acceso al conocimiento digitalizado en la toma de decisiones,Anguil,,19/08/2015,2015,Panel,,Organizer,https://inta.gob.ar/noticias/seminario-interno-el-valor-del-acceso-al-conocimiento-digitalizado-en-la-toma-de-decisiones
Charla “Uso del radar meteorológico y Data Mining para la clasificación de granizo”.,Rosario- Santa Fe,,11 de junio de 2015.,2015,Regular Talk,,Speaker,
1ra conferencia y coloquio Gestión y uso de grandes datos aplicados al sector agropecuario y al manejo de los recursos naturales,INTA y Universidad Nacional de La Pampa,,Santa Rosa- La Pampa - 3/12/2014,2014,Conference,38,Organizer,
INTA. AgroTICs,Exposición Rural- Comercial e Industrial de la Asociación Agrícola Ganadera de La Pampa,Santa Rosa,Octubre,2014,Exhibition,,Speaker,
,Universidad de Palermo- Buenos Aires- Argentina,,1 al 5 de Septiembre de 2014,2014,Regular Talk,,Speaker,
Las nuevas tecnologías de la información y comunicación (NTICs): un puente para describir nuevos mundos.,Jornada: Editoriales Puertas Abiertas. Vieja Usina,Santa Rosa,16 de junio de 2014.,2014,Invited Talk,,Speaker,
INTA- SIG,Exposición Rural- Comercial e Industrial de la Asociación Agrícola Ganadera de La Pampa,Santa Rosa,Octubre,2013,Exhibition,,Speaker,
VI Congreso Nacional- III del Mercosur y II Jornada Técnica de Productores sobre Manejo de Pastizales Naturales.2013. La Pampa.,Profesionales,INTA,La Pampa 2013,2013,Conference,,Organizer,
7mo Congreso Argentino de Agroinformática. 42 JAIIO.,Profesionales,INTA-SADIO,Córdoba. 16 al 20 de septiembre de 2013.,2013,Conference,,Organizer,
Área Estratégica Tecnología de la Información,INTA Expone 2013,Patagonia Sur-Trelew (Chubut),4 al 6 de Octubre de 2013,2013,Exhibition,,Organizer,
Identificación de sistemas productivos preponderantes en una zona de la provincia de la pampa utilizando técnicas de datamining,Congreso Argentino de Agroinformática. 42 JAIIO,Córdoba,16 al 20 de Septiembre de 2013,2013,Regular Talk,20,Speaker,
Funcionamiento del RADAR Meteorológico de la EEA Anguil.,Alumnos del colegio Secundario Liceo Informático II en visita a la EEA Anguil.,EEA Anguil,octubre de 2013.,2013,Regular Talk,18,Speaker,
El uso de AgroTICs para generar las cartas agroclimáticas de la provincia de La Pampa,Congreso Argentino de Agroinformática. 40 JAIIO,,29 de Agosto al 2 de Septiembre de 2011,2011,Regular Talk,,Speaker,
Manuales de campo de la RIAN para dispositivos móviles,Congreso Argentino de Agroinformática. 40 JAIIO,,29 de Agosto al 2 de Septiembre de 2011,2011,Regular Talk,,Speaker,
Data Mining: el que busca encuentra,INTA Expone 2011 Región Pampeana,,01/12/2011,2011,Podcast,,Speaker,https://inta.gob.ar/videos/data-mining-el-que-busca-encuentra
Red de Información Agropecuaria Nacional,,Expo Ternero 2011,octubre 2011,2011,Invited Talk,,Speaker,
Equipos interdisciplinarios en Agroinformática,Panel Sistemas de gestión y control,Congreso de AgroInformática 2011,agosto 2011,2011,Invited Talk,,Speaker,https://inta.gob.ar/documentos/equipos-interdisciplinarios-en-agroinformatica
Área Estratégica Tecnología de la Información,INTA Expone 2011,Marcos Juárez (Córdoba),abril 2011,2011,Exhibition,,Organizer,
Información para la gestión del sistema de transferencia y extensión del INTA,39 JAIIO- Simposio de Informática en el Estado,,30 de Agosto al 3 de Septiembre de 2010,2010,Regular Talk,,Speaker,
Alarmas Agropecuarias a Teléfonos Celulares,39 JAIIO- Simposio de Informática en el Estado,,30 de Agosto al 3 de Septiembre de 2010,2010,Regular Talk,,Speaker,
Sistema de Información “Informe de Estado Hídrico de Suelos”,39 JAIIO- Congreso Argentino de Agro informática,,30 de Agosto al 3 de Septiembre de 2010,2010,Regular Talk,,Speaker,
“INTRANET: herramientas de comunicación interna y gestión,Personal INTA La Pampa,EEA Anguil,28 de Abritl de 2010,2010,Course,,Teacher,
"RIAN, una red que nos puede contener a todos",Jornada de trabajo de asistentes de planificación institucional,EEA INTA Anguil,noviembre 2010,2010,Regular Talk,32,Speaker,
Usos del RADAR Meteorológico en agricultura,Jornadas de Pronósticos Meteorológicos: conocimiento- usos y aprovechamiento.,Macachín,02/06/2010,2010,Invited Talk,,Speaker,
“INTRANET: herramientas de comunicación interna y gestión,Personal INTA San Luis,EEA Villa Mercedes,21 de abril de 2010,2010,Course,,Teacher,
La importancia de cuantificar el recurso climático y el uso de los datos,conferencia pública por el día nacional del agua organizada por la Secretaría de Recursos Hídricos de La Pampa,Santa Rosa,31/03/2010,2010,Invited Talk,35,Speaker,
Atlas Argentino de Fitopatología,I Congreso Argentino de AgroInformática. Mar del Plata,,24 al 28 de Agosto de 2009,2009,Regular Talk,,Speaker,
Taller Nacional “Capacitación del Atlas Fitopatológico Argentino”.,Participantes del Atlas,Córdoba,18 y 19 de Noviembre de 2009.,2009,Course,47,Teacher,
El RADAR Meterológico de la EEA Anguil,Jornadas de actualización para profesionales sobre conservación de suelos.,EEA Anguil,01/12/2009,2009,Invited Talk,27,Speaker,
“Jornada de Capacitación sobre Búsqueda en Google”,Personal de INTA,INTA Central (Buenos Aires),9 de octubre de 2009,2009,Course,35,Teacher,
Bases para la implementación de un Sistema de Información Agropecuaria en Red,Profesionales Venezolanos,La Pampa,junio de 2009,2009,Course,21,Teacher,
,Jornada sobre Cambio Climático y Producción Agropecuaria. ,,27 de marzo de 2009.,2009,Invited Talk,,Speaker,
Sistemas de información y base de datos de uso agropecuario,Venezuela,Caracas,2009,2009,Course,70,Teacher,
Sistemas RIAN,- Jornadas de Informática Industrial – Agroinformática. Santa Fé.,,8 al 12 de septiembre de 2008,2008,Regular Talk,,Speaker,
“Introducción a Internet y Word”,Personal de INTA,EEA Anguil,19 y 20 de Noviembre de 2008,2008,Course,53,Teacher,
VII Congreso Nacional de Trigo. V Simposio Nacional de Cereales de Siembra de Otoño-Invernal. I encuentro del Mercosur. 2007-2008,Profesionales,INTA La Pampa- Facultad de Agronomía de la Universidad Nacional de La Pampa.,,2008,Conference,,Organizer,
Las tecnologías de la información en la EEA INTA Anguil,Quinta semana de la ciencia y la tecnología,Liceo Informático II. Santa Rosa,8 al 15 de junio de 2007,2007,Invited Talk,,Speaker,
Hacia la nueva conectividad del INTA,Jornada Nacionla INTA,Buenos Aires,27 y 28 de Noviembre de 2007,2007,Regular Talk,,Speaker,
Bases para la implementación de un Sistema de Información Agropecuaria en Red,Profesionales Venezolanos,La Pampa,octubre de 2007,2007,Course,26,Teacher,
Caracterización tecnológica del cultivo de Girasol,IV Congreso Argentino de Girasol. ASAGIR,,mayo 2007,2007,Invited Talk,,Speaker,
Área Estratégica Tecnología de la Información,INTA Expone 2006,General Roca (Río Negro),10- 11 y 12 de Noviembre 2006,2006,Exhibition,,Organizer,
Operación del sistema de carga y consulta de Agroprecipitaciones Web del proyecto RIAP,Profesionales de INTA,EEA Anguil,6 y 7 de Septiembre de 2005,2005,Course,7,Teacher,
,IX Congreso Argentino de Meteorología. Congremet IX,Buenos Aires- Argentina,3 al 7 de octubre de 2005,2005,Lightning talk,48,Speaker,
Sistema de Carga y Consulta Informe Agronómico Mensual,Profesionales de INTA,EEA Anguil,2 y 3 de Noviembre de 2005,2005,Course,18,Teacher,
,IV Ronda de trigo 2004,Este de La Pampa-Suroeste de Buenos Aires,29 de Noviembre al 3 de Diciembre del 2004,2004,Exhibition,,Organizer,
Área Estratégica Tecnología de la Información,INTA Expone 2004,Oliveros (Santa Fé),28 al 30 de Octubre del 2004,2004,Exhibition,,Organizer,
Programación de Microsoft SQL Server 2000 con ASP.NET,Informáticos INTA,EEA Anguil,22 al 26 de Marzo 2004,2004,Course,23,Teacher,
AgroRADAR,1º Congreso Sobre Producción de Origen Agropecuario del SE Pampeano,Necochea,28 de Enero al 4 de Febrero de 2003,2003,Invited Talk,,Speaker,
,Ronda de Trigo 2003,Este de La Pampa-Suroeste de Buenos Aires,24 al 28 de Noviembre de 2003,2003,Exhibition,,Organizer,
Programando Microsoft SQL Server 2000,EEA Anguil,,24 al 28 de noviembre de 2003,2003,Course,21,Teacher,
,Ronda de Girasol 2002,Este de La Pampa-Suroeste de Buenos Aires,26 de Febrero al 1 de Marzo 2002,2002,Exhibition,,Organizer,
,Ronda de Trigo 2002,Este de La Pampa-Suroeste de Buenos Aires,25 al 29 de Noviembre de 2002,2002,Exhibition,,Organizer,
,Ronda del Puerto 2002,Bahía Blanca,8 de octubre de 2002,2002,Exhibition,,Organizer,
Jornada de Calidad Agroalimentaria y Trazabilidad,Profesionales,EEA INTA Anguil. Anguil- La Pampa,15 de agosto de 2002,2002,Conference,,Organizer,
Jornada de Sustentabilidad e Incertidumbre,Profesionales,EEA INTA Anguil. Anguil- La Pampa,13 de junio de 2002,2002,Conference,,Organizer,
Sistemas de Información Geográficos en el Agro,75º Exposición Rural- Comercial e Industrial de la Asociación Agrícola Ganadera de La Pampa,Santa Rosa,7 y 8 de Octubre de 2001,2001,Exhibition,,Speaker,
,Ronda de Trigo 2001,Este de La Pampa-Suroeste de Buenos Aires,12 al 16 de Noviembre de 2001,2001,Exhibition,,Organizer,
SIG y Teledetección,74º Exposición Rural- Comercial e Industrial de la Asociación Agrícola Ganadera de La Pampa,Santa Rosa,7 y 8 de Octubre de 2000,2000,Exhibition,,Speaker,
Teledetección en el Agro,Exposición Rural de Realico,Realicó,15- 16 y 17 de Septiembre de 2000,2000,Exhibition,,Speaker,
AgroRADAR,VII Encuentro de la Asociación Panamericana De Bolsas De Productos,Buenos Aires- Argentina,15- 16 y 17 de Noviembre de 2000,2000,Invited Talk,,Speaker,
Los números del Girasol en La Pampa,Jornada Presente y Futuro del Girasol para la región subhumeda y semiárida pampeana,Santa Rosa,1 de septiembre de 2000,2000,Invited Talk,,Speaker,
Bases de Datos y SQL,Investigadores INTA,EEA Anguil,marzo 2000,2000,Course,10,Teacher,
Estimaciones agricolas con imágenes satelitales,VII Jornadas Pampeanas de Ciencias Naturales,Consejo Profesional de Ciencias Naturales de La Pampa y Facultad de Ciencias Exactas y Naturales- UNLPam,diciembre 1999,1999,Lightning talk,30,Speaker,
SIG y Teledetección,73º Exposición Rural- Comercial e Industrial de la Asociación Agrícola Ganadera de La Pampa-,Santa Rosa,septiembre de 1999,1999,Exhibition,100,Speaker,
Capacitación en el uso del software de la encuesta AgroRADAR,Bolsa y Camara de Cereales de Bahia Blanca e INTA,EEA Anguil,abril 1999,1999,Course,18,Teacher,
Internet en educación,4tas Jornadas sobre Informática- Educación y Sociedad,Santa Rosa,31 de Octubre y 1 de Noviembre de 1998,1998,Invited Talk,70,Speaker,
Internet y Correo Electrónico,Investigadores INTA,EEA Anguil,septiembre 1998,1998,Course,32,Teacher,
Internet y Correo Electrónico,Investigadores INTA,EEA Anguil,agosto 1998,1998,Course,58,Teacher,
Internet y Correo Electrónico,Investigadores INTA,EEA Anguil,julio 1998,1998,Course,45,Teacher,
Utilización Pedagógica de la Informática y Telemática en Escuelas de Nivel Medio,Docentes,Subsecretaria de Coordinación - Ministerio de Cultura y Educación - Prov. de La Pampa,Septiembre-Noviembre 1997,1997,Course,30,Teacher,
Informática inicial para docentes,Docentes,Subsecretaria de Coordinación - Ministerio de Cultura y Educación - Prov. de La Pampa,Abril-Noviembre 1997,1997,Course,27,Teacher,
Multimedia Infantil ,Alumnos K-12,Liceo Informático II (Santa Rosa).,Abril-Noviembre 1997,1997,Course,15,Teacher,
Informática inicial para niños ,Alumnos K-12,Liceo Informático II (Santa Rosa).,Abril-Noviembre 1997,1997,Course,15,Teacher,
Utilización Pedagógica de la Informática en Escuelas Primarias,Docentes,Subsecretaria de Coordinación - Ministerio de Cultura y Educación - Prov. de La Pampa,Abril-Mayo 1997,1997,Course,35,Teacher,
3ras Jornadas sobre Informática- Educación y Sociedad,Liceo Informático II,Santa Rosa,30 y 31 de Octubre de 1997,1997,Conference,80,Organizer,
Alumnos K-12,,C.E.D.A.N (Santa Rosa).,Mayo-Noviembre 1996,1996,Course,18,Teacher,
Alumnos K-12,,C.E.D.A.N (Santa Rosa),Mayo-Noviembre 1996,1996,Course,15,Teacher,
2das Jornadas sobre Informática- Educación y Sociedad,Liceo Informático II,Santa Rosa,31 de Oct. 1 de Nov,1996,Conference,80,Organizer,
Intro a la computación,Adultos,IBM-Banco Nación,Agosto-Septiembre,1994,Course,5,Teacher,
Base de Datos ,Alumnos K-12,Liceo Informático (Realicó-La Pampa).,Abril-Diciembre 1994 (Ing. Luiggi),1994,Course,17,Teacher,
Informática para niños ,Alumnos K-12,Liceo Informático (Realicó-La Pampa).,Abril-Diciembre 1994 (Ing. Luiggi),1994,Course,12,Teacher,
Sistema Operativo ,Adultos,Liceo Informático (Realicó-La Pampa).,Abril-Diciembre 1994 (Ing. Luiggi),1994,Course,9,Teacher,
Sistema Operativo ,Adultos,Liceo Informático (Realicó-La Pampa).,Agosto-Diciembre 1993 (Ing. Luiggi),1993,Course,7,Teacher,
Informática para niños ,Alumnos K-12,Liceo Informático (Realicó-La Pampa).,Abril-Diciembre 1994 (Ing. Luiggi),1993,Course,7,Teacher,
Appsilon Shiny Conference,AppSilon,,27-29 April 2022,2022,Conference,200,Organizer,
Diferentes plataformas de datos del INTA,Clubes de Innovación,Municipalidad de Trenque Lauquen,27-10-2017,2017,Keynote,60,Speaker,https://www.trenquelauquen.gov.ar/noticias/mas-de-60-personas-co-crearon-soluciones-tecnologicas/
Gestión de Datos,UNAB,Licenciatura en Ciencia de Datos,Marzo-Julio,2021,Course,30,Teacher,
Gestión de Datos,UNAB,Licenciatura en Ciencia de Datos,Agosto-Diciembre,2022,Course,30,Teacher,
Visualization,UNAB,Licenciatura en Ciencia de Datos,Agosto-Diciembre,2021,Course,30,Teacher,
Visualization,UNAB,Licenciatura en Ciencia de Datos,Marzo-Julio,2022,Course,30,Teacher,
“Ganadería y Sistemas Mixtos en Siembra Directa”,Curso de Posgrado “Especialización en Siembra Directa”.,Facultad de Agronomía de la Universidad de Buenos Aires.,noviembre de 2006,2006,Course,56,Teacher,
"”Aspectos Tecnológicos y Productivos, Almacenaje Comercial e Integración en un SIG”",Curso de Posgrado “Especialización en Siembra Directa”.,Facultad de Agronomía de la Universidad de Buenos Aires.,noviembre 2003,2003,Course,48,Teacher,
Sistemas de Procesamiento de Datos,Carrera Auditoria Bancaria,CENT N°1. Santa Rosa,Marzo-Diciembre 2000,2000,Course,32,Teacher,
Arquitectura y Sistemas Operativos,Carrera de Analista de Sistemas,Colegio Universitario Liceo Informático II,Agosto-Diciembre,1996,Course,100,Teacher Assistant,
Técnicas de Multiprogramación,Carrera de Analista de Sistemas,Colegio Universitario Liceo Informático II,Marzo-Julio,1997,Course,68,Teacher Assistant,
Sistemas de Computación,Carrera de Analista de Sistemas,Colegio Universitario Liceo Informático II,Marzo-Julio,1998,Course,53,Teacher Assistant,
Actividades Prácticas (Producción Multimedial),Nivel polimodal,Colegio Universitario Liceo Informático II,Marzo-Diciembre,1996,Course,27,Teacher,
Actividades Prácticas (Producción Multimedial),Nivel polimodal,Colegio Universitario Liceo Informático II,Marzo-Diciembre,1997,Course,23,Teacher,
Actividades Plásticas (Internet),Nivel polimodal,Colegio Universitario Liceo Informático II,Marzo-Diciembre,1996,Course,27,Teacher,
Actividades Plásticas (Internet),Nivel polimodal,Colegio Universitario Liceo Informático II,Marzo-Diciembre,1997,Course,23,Teacher,
Informática 7º año,Tercer ciclo EGB,Colegio Universitario Liceo Informático II,Marzo-Diciembre,1997,Course,26,Teacher,
Informática 7º año,Tercer ciclo EGB,Colegio Universitario Liceo Informático II,Marzo-Diciembre,1998,Course,25,Teacher,
Informática 8º año,Tercer ciclo EGB,Colegio Universitario Liceo Informático II,Marzo-Diciembre,1997,Course,26,Teacher,
Informática 8º año,Tercer ciclo EGB,Colegio Universitario Liceo Informático II,Marzo-Diciembre,1998,Course,25,Teacher,
Práctica Visual (Diseño Gráfico por Computadora) - 8º año,Tercer ciclo EGB,Colegio Universitario Liceo Informático II,Marzo-Diciembre,1998,Course,25,Teacher,
Práctica Visual (Diseño Gráfico por Computadora) - 8º año,Tercer ciclo EGB,Colegio Universitario Liceo Informático II,Marzo-Diciembre,1997,Course,25,Teacher,
Hacia una Arquitectura de Procesamiento de Datos del RADAR Meteorológico de INTA Anguil.,SIE 2015 - 9º Simposio de Informática en el Estado,44 JAIIO,04/09/2015,2015,Regular Talk,60,Speaker,
Clasificación de granizo en superficie usando técnicas de minería de datos y datos de radar meteorológico.,ASAI 2015,44 JAIIO,03/09/2015,2015,Regular Talk,50,Speaker,
Síntesis de una Arquitectura de Procesamiento de Datos del RADAR Meteorológico de INTA Anguil.,AGRANDA 2015,44 JAIIO,02/09/2015,2015,Lightning talk,30,Speaker,
Sistema de Información del Seguimiento Semanal de los Sistemas de Producción,6º Congreso Argentino de AgroInformática,43 JAIIO,01/09/2014,2014,Regular Talk,80,Speaker,
R-Ladies: Agroinformática y el rol de la mujer,CAI - 9º Congreso de AgroInformática (JAIIO),46 JAIIO,05/09/2017,2017,Keynote,60,Speaker,
GeoINTA: compartiendo datos por medio de la Infraestructura de Datos Espaciales del INTA,10° Simposio de Informática en el Estado - SIE,Buenos Aires- Argentina.,7 al 9 de Septiembre de 2016.,2016,Regular Talk,70,Speaker,
Clasificación de Sistemas Productivos Preponderantes utilizando técnicas de agrupamiento para la estimación de emisiones de Gases de Efecto Invernadero,CAI - 9º Congreso de AgroInformática (JAIIO),46 JAIIO,04/09/2017,2017,Regular Talk,60,Speaker,
Hacia una Guía Digital Móvil para la identificación y manejo sustentable de los pastizales naturales,CAI - 9º Congreso de AgroInformática (JAIIO),46 JAIIO,05/09/2017,2017,Regular Talk,60,Speaker,
Monitoreo móvil del programa ProHuerta en La Pampa,CAI 2018 - Congreso Argentino de AgroInformática,47 JAIIO,05/09/2018,2018,Regular Talk,,Speaker,
Análisis de clustering en una región de La Pampa para clasificar sistemas ganaderos preponderantes y estimar emisiones de gases de efecto invernadero,CAI 2018 - Congreso Argentino de AgroInformática,47 JAIIO,05/09/2018,2018,Regular Talk,,Speaker,
Evaluación del desempeño de productos satelitales para estimar precipitación en Córdoba (Argentina),CAI 2018 - Congreso Argentino de AgroInformática,47 JAIIO,05/09/2018,2018,Regular Talk,,Speaker,
Relevamiento de la Agricultura Periurbana en una microregión de La Pampa,CAI 2018 - Congreso Argentino de AgroInformática,47 JAIIO,06/09/2018,2018,Regular Talk,,Speaker,
Congreso Argentino de Agroinformática: Un análisis bibliometrico,CAI 2018 - Congreso Argentino de AgroInformática,47 JAIIO,06/09/2018,2018,Regular Talk,,Speaker,
Tendências de pesquisa em Agroinformática na Argentina: uma análise histórica ,CAI 2018 - Congreso Argentino de AgroInformática,47 JAIIO,06/09/2018,2018,Regular Talk,,Speaker,
Evaluación del desempeño de productos satelitales para estimar evapotranspiración en la región pampeana (Argentina),11º Congreso Argentino de AgroInformática (CAI-2019),Salta,2019,2019,Regular Talk,50,Speaker,
Quién es Quién en la Agroinformática Argentina,11º Congreso Argentino de AgroInformática (CAI-2019),Salta,2019,2019,Regular Talk,50,Speaker,
Análise das Tendências de pesquisa no Congresso de Agroinformática da Argentina: um estudo regional,11º Congreso Argentino de AgroInformática (CAI-2019),Salta,2019,2019,Regular Talk,50,Speaker,
Conjunto de datos de resultados de la Red Nacional de Cultivares de Girasol de INTA,11º Congreso Argentino de AgroInformática (CAI-2019),Salta,2019,2019,Regular Talk,50,Speaker,
Conjunto de datos de imágenes etiquetadas para el desarrollo de aplicaciones de reconocimiento de patrones en el cultivo de girasol,11º Congreso Argentino de AgroInformática (CAI-2019),Salta,2019,2019,Regular Talk,50,Speaker,
{agromet}: un paquete en R para el análisis de datos meteorológicos,CONGRESO ARGENTINO DE AGROINFORMATICA (JAIIO),JAIIO,2021,2021,Regular Talk,200,Speaker,
Un palenque pa ́l granizo: una arquitectura flexible para manejo de grandes volúmenes de datos para el agro. ,AGRANDA 2022,51 JAIIO,25/10/2022,2022,Keynote,100,Speaker,